{
  "name": "WebSockets_Generic",
  "version": "2.16.1",
  "description": "RFC6455-based WebSockets Server and Client for Arduino boards, such as nRF52, Portenta_H7, SAMD21, SAMD51, STM32F/L/H/G/WB/MP1, Teensy, SAM DUE, RP2040-based boards, besides ESP8266/ESP32 ESP32 (ESP32, ESP32_S2, ESP32_S3 and ESP32_C3) and WT32_ETH01. Ethernet shields W5100, W5200, W5500, ENC28J60, Teensy 4.1 NativeEthernet/QNEthernet or Portenta_H7 WiFi/Ethernet. Supporting websocket only mode for Socket.IO. Ethernet_Generic library is used as default for W5x00. Now supporting RP2040W",
  "keywords": "wifi, WiFiNINA, websocket, websockets-server, websockets-client, Teensy, SAM DUE, SAMD, STM32, nRF52, QNEthernet, rp2040, Portenta-H7, ESP32, ESP8266, W5x00, Ethernet, Ethernet2, Ethernet3, EthernetLarge, EthernetENC, UIPEthernet, NativeEthernet, ENC28J60, rpi-pico, http, web, server, client, Mega, rp2040w, pico-w",
  "authors": [
    {
      "name":  "Markus Sattler",
      "url":   "https://github.com/Links2004"
    },
    {
      "name":  "Khoi Hoang",
      "url":   "https://github.com/khoih-prog",
      "email": "khoih.prog@gmail.com",
      "maintainer": true
    }  
  ],
  "repository":
  {
    "type": "git",
    "url": "https://github.com/khoih-prog/WebSockets_Generic"
  },
  "homepage": "https://github.com/khoih-prog/WebSockets_Generic",
  "export": {
    "exclude": [
      "linux",
      "extras",
      "tests"
    ]
  },
  "dependencies": 
  [
    {
      "owner": "khoih-prog",
      "name": "WiFiNINA_Generic",
      "version": ">=1.8.15-1",
      "platforms": ["*"]
    },
    {
      "owner": "khoih-prog",
      "name": "DoubleResetDetector_Generic",
      "version": ">=1.8.1",
      "platforms": ["*"]
    },
    {
      "owner": "khoih-prog",
      "name": "FlashStorage_SAMD",
      "version": ">=1.3.2",
      "platforms": ["atmelsam"]
    },
    {
      "owner": "sebnil",
      "name": "DueFlashStorage",
      "version": ">=1.0.0",
      "platforms": ["*"]
    },
    {
      "owner": "khoih-prog",
      "name": "WiFiWebServer",
      "version": ">=1.10.1",
      "platforms": ["*"]
    },
    {
      "owner": "khoih-prog",
      "name": "EthernetWebServer",
      "version": ">=2.3.0",
      "platforms": ["*"]
    },
    {
      "owner": "khoih-prog",
      "name": "WebServer_WT32_ETH01",
      "version": "^1.5.1",
      "platforms": ["espressif32"]
    },
    {
      "owner": "khoih-prog",
      "name": "EthernetWebServer_STM32",
      "version": ">=1.5.0",
      "platforms": ["ststm32"]
    },
    {
      "owner": "khoih-prog",
      "name": "FlashStorage_STM32",
      "version": ">=1.2.0",
      "platforms": ["ststm32"]
    },
    {
      "owner": "khoih-prog",
      "name": "SinricPro_Generic",
      "version": ">=2.8.5",
      "platforms": ["*"]
    },
    {
      "owner": "stm32duino",
      "name": "STM32duino LwIP",
      "version": ">=2.1.2",
      "platforms": ["ststm32"]
    },
    {
      "owner": "stm32duino",
      "name": "STM32Ethernet",
      "version": ">=1.3.0",
      "platforms": ["ststm32"]
    },
    {
      "owner": "uipethernet",
      "name": "UIPEthernet",
      "version": ">=2.0.12",
      "platforms": ["*"]
    },
    {
      "owner": "jandrassy",
      "name": "EthernetENC",
      "version": ">=2.0.3",
      "platforms": ["*"]
    },
    {
      "owner": "jandrassy",
      "name": "WiFiEspAT",
      "version": ">=1.4.1",
      "platforms": ["*"]
    },
    {
      "owner": "khoih-prog",
      "name": "Ethernet_Generic",
      "version": "^2.7.1",
      "platforms": ["*"]
    },
    {
      "owner": "khoih-prog",
      "name": "WiFi101_Generic",
      "version": "^1.0.0",
      "platforms": ["*"]
    },
    {
      "owner": "ssilverman",
      "name": "QNEthernet",
      "version": ">=0.17.0",
      "platforms": ["teensy"]
    }
  ],
  "license": "LGPL-3.0",
  "frameworks": "*",
  "platforms": "*",
  "examples": "examples/*/*/*.ino",
  "headers": ["WebSocketsClient_Generic.h", "WebSocketsServer_Generic.h", "SocketIOclient_Generic"]
}
